"DESCRIPTION","DURATION IN MS","NAME","PARENT SUITE","START TIME","STATUS","STOP TIME","SUB SUITE","SUITE","TEST CLASS","TEST METHOD"
"","28","@Web Screenshots and visual Validations","edge","2026-09-09","skipped","2026-09-09","","MoreValidations.spec.js","",""
"","60771","Playwright Special locators","edge","2026-09-09","broken","2026-09-09","","llc.spec.js","",""
"","47910","@Web Assignment 1 for ZARA COAT 3","chrome","2026-09-09","broken","2026-09-09","","ClientAppPO.spec.js","",""
"","14055","@Web Popup Validations","","2026-09-09","passed","2026-09-09","","MoreValidations.spec.js","",""
"","1","@API Place the Order","edge","2026-09-09","failed","2026-09-09","","WebAPIPart1.spec.js","",""
"","60056","Calender validations","chrome","2026-09-09","broken","2026-09-09","","Calender.spec.js","",""
"","67216","@Web Assignment 1 for ADIDAS ORIGINAL","chrome","2026-09-09","broken","2026-09-09","","ClientAppPO.spec.js","",""
"","2","Assignment 1","edge","2026-09-09","broken","2026-09-09","","WebAPIPart2.spec.js","",""
"","16347","Assignment 1","","2026-09-09","failed","2026-09-09","","WebAPIPart2.spec.js","",""
"","26644","Security Test request Intercept","chrome","2026-09-09","passed","2026-09-09","","NetworkTest2.spec.js","",""
"","12371","Security Test request Intercept","","2026-09-09","passed","2026-09-09","","NetworkTest2.spec.js","",""
"","3572","@API test case 2","chrome","2026-09-09","passed","2026-09-09","","WebAPIPart2.spec.js","",""
"","61565","Assignment 1","edge","2026-09-09","broken","2026-09-09","","ClientAppOtherWay.spec.js","",""
"","11302","Playwright Special locators","chrome","2026-09-09","passed","2026-09-09","","llc.spec.js","",""
"","19186","Upload download excel validation","edge","2026-09-09","passed","2026-09-09","","upload-download.spec.js","",""
"","12251","Playwright Special locators","","2026-09-09","passed","2026-09-09","","llc.spec.js","",""
"","6830","Upload download excel validation","chrome","2026-09-09","passed","2026-09-09","","upload-download.spec.js","",""
"","11359","@Web Screenshots and visual Validations","chrome","2026-09-09","passed","2026-09-09","","MoreValidations.spec.js","",""
"","62671","Security Test request Intercept","edge","2026-09-09","broken","2026-09-09","","NetworkTest2.spec.js","",""
"","30471","Browser context Playwright test","chrome","2026-09-09","broken","2026-09-09","","UIBasicstest.spec.js","",""
"","1777","@API test case 2","","2026-09-09","passed","2026-09-09","","WebAPIPart2.spec.js","",""
"","63447","Calender validations","edge","2026-09-09","broken","2026-09-09","","Calender.spec.js","",""
"","22935","@Web Assignment 1 for ADIDAS ORIGINAL","","2026-09-09","passed","2026-09-09","","ClientAppPO.spec.js","",""
"","21078","Playwright test level timeout","edge","2026-09-09","passed","2026-09-09","","llc.spec.js","",""
"","4490","Playwright test level timeout","chrome","2026-09-09","passed","2026-09-09","","llc.spec.js","",""
"","42850","@Web Assignment 1 for ZARA COAT 3","edge","2026-09-09","broken","2026-09-09","","ClientAppPO.spec.js","",""
"","7828","UI Controls","chrome","2026-09-09","failed","2026-09-09","","UIBasicstest.spec.js","",""
"","24","visual","edge","2026-09-09","skipped","2026-09-09","","MoreValidations.spec.js","",""
"","30529","Assignment 1","chrome","2026-09-09","broken","2026-09-09","","WebAPIPart2.spec.js","",""
"","45636","Browser context Playwright test","edge","2026-09-09","broken","2026-09-09","","UIBasicstest.spec.js","",""
"","6143","Child windows Handling","edge","2026-09-09","failed","2026-09-09","","UIBasicstest.spec.js","",""
"","12","Assignment 1","edge","2026-09-09","skipped","2026-09-09","","ClientApp.spec.js","",""
"","0","@API test case 2","edge","2026-09-09","skipped","2026-09-09","","WebAPIPart2.spec.js","",""
"","3451","Playwright test level timeout","","2026-09-09","passed","2026-09-09","","llc.spec.js","",""
"","1","Place the Order","edge","2026-09-09","failed","2026-09-09","","NetworkTest.spec.js","",""
"","51939","UI Controls","edge","2026-09-09","broken","2026-09-09","","UIBasicstest.spec.js","",""
"","3231","visual","","2026-09-09","failed","2026-09-09","","MoreValidations.spec.js","",""
"","13216","Calender validations","","2026-09-09","passed","2026-09-09","","Calender.spec.js","",""
"","13355","Upload download excel validation","edge","2026-09-09","passed","2026-09-09","","trial.spec.js","",""
"","2965","visual","chrome","2026-09-09","failed","2026-09-09","","MoreValidations.spec.js","",""
"","5204","UI Controls","","2026-09-09","failed","2026-09-09","","UIBasicstest.spec.js","",""
"","61954","@Web Popup Validations","edge","2026-09-09","broken","2026-09-09","","MoreValidations.spec.js","",""
"","1","Place the Order","","2026-09-09","failed","2026-09-09","","NetworkTest.spec.js","",""
"","1310","@API Place the Order","","2026-09-09","failed","2026-09-09","","WebAPIPart1.spec.js","",""
"","2","@API Place the Order","chrome","2026-09-09","failed","2026-09-09","","WebAPIPart1.spec.js","",""
"","19828","@Web Popup Validations","chrome","2026-09-09","passed","2026-09-09","","MoreValidations.spec.js","",""
"","5045","Upload download excel validation","","2026-09-09","passed","2026-09-09","","upload-download.spec.js","",""
"","4087","Child windows Handling","chrome","2026-09-09","failed","2026-09-09","","UIBasicstest.spec.js","",""
"","14809","Assignment 1","","2026-09-09","passed","2026-09-09","","ClientAppOtherWay.spec.js","",""
"","11586","Upload download excel validation","chrome","2026-09-09","failed","2026-09-09","","trial.spec.js","",""
"","4","Assignment 1","","2026-09-09","skipped","2026-09-09","","ClientApp.spec.js","",""
"","65270","@Web Assignment 1 for ADIDAS ORIGINAL","edge","2026-09-09","broken","2026-09-09","","ClientAppPO.spec.js","",""
"","60520","Assignment 1","chrome","2026-09-09","broken","2026-09-09","","ClientAppOtherWay.spec.js","",""
"","13624","@Web Assignment 1 for ZARA COAT 3","","2026-09-09","passed","2026-09-09","","ClientAppPO.spec.js","",""
"","4","Place the Order","chrome","2026-09-09","failed","2026-09-09","","NetworkTest.spec.js","",""
"","4","Assignment 1","chrome","2026-09-09","skipped","2026-09-09","","ClientApp.spec.js","",""
"","7111","@Web Screenshots and visual Validations","","2026-09-09","passed","2026-09-09","","MoreValidations.spec.js","",""
"","5369","Upload download excel validation","","2026-09-09","passed","2026-09-09","","trial.spec.js","",""
"","17579","Browser context Playwright test","","2026-09-09","failed","2026-09-09","","UIBasicstest.spec.js","",""
"","3153","Child windows Handling","","2026-09-09","failed","2026-09-09","","UIBasicstest.spec.js","",""
